<application>
  <component name="libraryTable">
    <library name="scala-sdk-2.11.7" type="Scala">
      <properties>
        <language-level>Scala_2_11</language-level>
        <compiler-classpath>
          <root url="file://$MAVEN_REPOSITORY$/org/scala-lang/scala-compiler/2.11.7/scala-compiler-2.11.7.jar" />
          <root url="file://$MAVEN_REPOSITORY$/org/scala-lang/scala-reflect/2.11.7/scala-reflect-2.11.7.jar" />
          <root url="file://$MAVEN_REPOSITORY$/org/scala-lang/scala-library/2.11.7/scala-library-2.11.7.jar" />
        </compiler-classpath>
      </properties>
      <CLASSES>
        <root url="jar://$MAVEN_REPOSITORY$/org/scala-lang/scala-reflect/2.11.7/scala-reflect-2.11.7.jar!/" />
        <root url="jar://$MAVEN_REPOSITORY$/org/scala-lang/scala-library/2.11.7/scala-library-2.11.7.jar!/" />
        <root url="jar://$MAVEN_REPOSITORY$/org/scala-lang/scala-library/2.11.7/scala-library-2.11.7-sources.jar!/" />
      </CLASSES>
      <JAVADOC>
        <root url="jar://$MAVEN_REPOSITORY$/org/scala-lang/scala-library/2.11.7/scala-library-2.11.7-javadoc.jar!/" />
      </JAVADOC>
      <SOURCES />
    </library>
  </component>
</application>