<keymap version="1" name="Mac OS X copy" parent="Mac OS X">
  <action id="$Redo">
    <keyboard-shortcut first-keystroke="meta y" />
  </action>
  <action id="ActivateFavoritesToolWindow" />
  <action id="ActivateFindToolWindow" />
  <action id="ActivateProjectToolWindow">
    <keyboard-shortcut first-keystroke="meta back_quote" />
  </action>
  <action id="ActivateStructureToolWindow" />
  <action id="ActivateTODOToolWindow" />
  <action id="Arrangement.Alias.Rule.Edit" />
  <action id="Arrangement.Rule.Edit" />
  <action id="Back">
    <mouse-shortcut keystroke="button4" />
    <keyboard-shortcut first-keystroke="meta left" />
  </action>
  <action id="ChangesView.Rename">
    <keyboard-shortcut first-keystroke="shift f6" />
  </action>
  <action id="CloseActiveTab" />
  <action id="CloseContent">
    <keyboard-shortcut first-keystroke="ctrl w" />
    <keyboard-shortcut first-keystroke="meta w" />
  </action>
  <action id="Console.Execute.Multiline" />
  <action id="Console.Jdbc.Execute" />
  <action id="Console.TableResult.EditValue">
    <keyboard-shortcut first-keystroke="enter" />
  </action>
  <action id="Console.TableResult.NavigateAction" />
  <action id="DSM.OpenInEditor" />
  <action id="Debugger.EditArrayFilter" />
  <action id="Debugger.EditFrameSource" />
  <action id="DirDiffMenu.SynchronizeDiff.All" />
  <action id="DomCollectionControl.Edit" />
  <action id="DomElementsTreeView.GotoDomElementDeclarationAction" />
  <action id="DuplicatesForm.SendToLeft" />
  <action id="DuplicatesForm.SendToRight" />
  <action id="EditSource" />
  <action id="Editor Redo">
    <keyboard-shortcut first-keystroke="meta y" />
  </action>
  <action id="EditorDeleteLine">
    <keyboard-shortcut first-keystroke="ctrl d" />
  </action>
  <action id="EditorLineEnd">
    <keyboard-shortcut first-keystroke="meta alt right" />
    <keyboard-shortcut first-keystroke="ctrl e" />
  </action>
  <action id="EditorLineEndWithSelection">
    <keyboard-shortcut first-keystroke="shift end" />
    <keyboard-shortcut first-keystroke="shift meta alt right" />
    <keyboard-shortcut first-keystroke="shift ctrl e" />
  </action>
  <action id="EditorLineStart">
    <keyboard-shortcut first-keystroke="meta alt left" />
    <keyboard-shortcut first-keystroke="ctrl a" />
  </action>
  <action id="EditorLineStartWithSelection">
    <keyboard-shortcut first-keystroke="shift home" />
    <keyboard-shortcut first-keystroke="shift meta alt left" />
    <keyboard-shortcut first-keystroke="shift ctrl a" />
  </action>
  <action id="EditorPageDown">
    <keyboard-shortcut first-keystroke="ctrl close_bracket" />
    <keyboard-shortcut first-keystroke="ctrl page_down" />
  </action>
  <action id="EditorPageDownWithSelection">
    <keyboard-shortcut first-keystroke="shift ctrl page_down" />
  </action>
  <action id="EditorPageUp">
    <keyboard-shortcut first-keystroke="ctrl open_bracket" />
    <keyboard-shortcut first-keystroke="ctrl page_up" />
  </action>
  <action id="EditorPageUpWithSelection">
    <keyboard-shortcut first-keystroke="shift ctrl page_up" />
  </action>
  <action id="EditorScrollDown" />
  <action id="EditorScrollUp" />
  <action id="EditorSelectWord" />
  <action id="EditorSplitLine" />
  <action id="EditorStartNewLineBefore">
    <keyboard-shortcut first-keystroke="shift ctrl enter" />
  </action>
  <action id="ExternalSystem.OpenConfig" />
  <action id="FileChooser.GotoHome" />
  <action id="FileChooser.GotoModule" />
  <action id="FileChooser.GotoProject" />
  <action id="FileStructurePopup">
    <keyboard-shortcut first-keystroke="meta o" />
  </action>
  <action id="FindInPath">
    <keyboard-shortcut first-keystroke="ctrl h" />
  </action>
  <action id="Forward">
    <mouse-shortcut keystroke="button5" />
    <keyboard-shortcut first-keystroke="meta right" />
  </action>
  <action id="Generate">
    <keyboard-shortcut first-keystroke="alt enter" />
  </action>
  <action id="Git.Reword.Commit">
    <keyboard-shortcut first-keystroke="shift f6" />
  </action>
  <action id="Go To Tab #1">
    <keyboard-shortcut first-keystroke="meta 1" />
  </action>
  <action id="Go To Tab #2">
    <keyboard-shortcut first-keystroke="meta 2" />
  </action>
  <action id="Go To Tab #3">
    <keyboard-shortcut first-keystroke="meta 3" />
  </action>
  <action id="Go To Tab #4">
    <keyboard-shortcut first-keystroke="meta 4" />
  </action>
  <action id="Go To Tab #5">
    <keyboard-shortcut first-keystroke="meta 5" />
  </action>
  <action id="Go To Tab #6">
    <keyboard-shortcut first-keystroke="meta 6" />
  </action>
  <action id="Go To Tab #7">
    <keyboard-shortcut first-keystroke="meta 7" />
  </action>
  <action id="GotoImplementation">
    <keyboard-shortcut first-keystroke="ctrl t" />
    <mouse-shortcut keystroke="control button1" />
    <keyboard-shortcut first-keystroke="meta t" />
  </action>
  <action id="GotoNextError" />
  <action id="GotoNextIncompletePropertyAction" />
  <action id="GotoTest">
    <keyboard-shortcut first-keystroke="shift meta t" />
    <keyboard-shortcut first-keystroke="shift ctrl t" />
  </action>
  <action id="Graph.Faces.OpenSelectedPages" />
  <action id="Groovy.Shell.Execute" />
  <action id="GuiDesigner.CreateListener" />
  <action id="GuiDesigner.EditComponent" />
  <action id="GuiDesigner.EditGroup" />
  <action id="HideAllWindows">
    <keyboard-shortcut first-keystroke="shift ctrl m" />
  </action>
  <action id="Jdbc.OpenEditor" />
  <action id="JumpToLastChange">
    <keyboard-shortcut first-keystroke="ctrl q" />
  </action>
  <action id="KotlinShellExecute" />
  <action id="MethodHierarchy" />
  <action id="MethodHierarchy.OverrideMethodAction" />
  <action id="MethodOverloadSwitchDown" />
  <action id="MethodOverloadSwitchUp" />
  <action id="MoveElementLeft" />
  <action id="MoveElementRight" />
  <action id="MoveLineDown">
    <keyboard-shortcut first-keystroke="meta down" />
  </action>
  <action id="MoveLineUp">
    <keyboard-shortcut first-keystroke="meta up" />
  </action>
  <action id="NavBar-navigate" />
  <action id="NavBar-selectEnd">
    <keyboard-shortcut first-keystroke="meta alt right" />
  </action>
  <action id="NewClass">
    <keyboard-shortcut first-keystroke="shift ctrl n" />
  </action>
  <action id="NewScratchFile" />
  <action id="NextTab">
    <keyboard-shortcut first-keystroke="alt close_bracket" />
  </action>
  <action id="NextWindow" />
  <action id="OpenModuleSettings" />
  <action id="OverrideMethods" />
  <action id="PreviousTab">
    <keyboard-shortcut first-keystroke="alt open_bracket" />
  </action>
  <action id="RemoteHostView.EditSource" />
  <action id="Resume">
    <keyboard-shortcut first-keystroke="f9" />
    <keyboard-shortcut first-keystroke="page_up" />
  </action>
  <action id="RunDashboard.EditConfiguration" />
  <action id="Scala.CreateLightWorksheetAction">
    <keyboard-shortcut first-keystroke="shift meta alt x" />
  </action>
  <action id="Scala.MakeExplicit" />
  <action id="Scala.ShowImplicitConversions" />
  <action id="Scala.ShowImplicits">
    <keyboard-shortcut first-keystroke="shift ctrl alt equals" />
    <keyboard-shortcut first-keystroke="shift ctrl alt add" />
  </action>
  <action id="ScalaConsole.Execute">
    <keyboard-shortcut first-keystroke="shift meta enter" />
  </action>
  <action id="SearchEverywhere.NavigateToNextGroup" />
  <action id="SearchEverywhere.NavigateToPrevGroup" />
  <action id="SetShortcutAction" />
  <action id="ShelvedChanges.Rename">
    <keyboard-shortcut first-keystroke="shift f6" />
  </action>
  <action id="ShowIntentionActions">
    <keyboard-shortcut first-keystroke="meta enter" />
  </action>
  <action id="StepInto">
    <keyboard-shortcut first-keystroke="end" />
  </action>
  <action id="StepOut">
    <keyboard-shortcut first-keystroke="home" />
  </action>
  <action id="StepOver">
    <keyboard-shortcut first-keystroke="page_down" />
  </action>
  <action id="SurroundWith">
    <keyboard-shortcut first-keystroke="shift meta z" />
  </action>
  <action id="TypeHierarchy">
    <keyboard-shortcut first-keystroke="f4" />
  </action>
  <action id="TypeHierarchyBase.BaseOnThisType" />
  <action id="Vcs.EditSource" />
  <action id="Vcs.UpdateProject" />
  <action id="ViewSource" />
  <action id="XDebugger.EditWatch" />
  <action id="XDebugger.JumpToSource" />
  <action id="XDebugger.SetValue" />
  <action id="android.deploy.ApplyChanges">
    <keyboard-shortcut first-keystroke="ctrl meta r" />
  </action>
  <action id="android.deploy.CodeSwap">
    <keyboard-shortcut first-keystroke="shift ctrl meta r" />
  </action>
</keymap>