<profile version="1.0">
  <option name="myName" value="Default" />
  <inspection_tool class="Eslint" enabled="true" level="WARNING" enabled_by_default="true" />
  <inspection_tool class="HttpUrlsUsage" enabled="true" level="WEAK WARNING" enabled_by_default="true">
    <option name="ignoredUrls">
      <list>
        <option value="http://0.0.0.0" />
        <option value="http://127.0.0.1" />
        <option value="http://activemq.apache.org/schema/" />
        <option value="http://c3-ai-marketing-server01.bj" />
        <option value="http://cxf.apache.org/schemas/" />
        <option value="http://java.sun.com/" />
        <option value="http://javafx.com/fxml" />
        <option value="http://javafx.com/javafx/" />
        <option value="http://json-schema.org/draft" />
        <option value="http://localhost" />
        <option value="http://maven.apache.org/POM/" />
        <option value="http://maven.apache.org/xsd/" />
        <option value="http://primefaces.org/ui" />
        <option value="http://schema.cloudfoundry.org/spring/" />
        <option value="http://schemas.xmlsoap.org/" />
        <option value="http://tiles.apache.org/" />
        <option value="http://www.ibm.com/webservices/xsd" />
        <option value="http://www.jboss.com/xml/ns/" />
        <option value="http://www.jboss.org/j2ee/schema/" />
        <option value="http://www.springframework.org/schema/" />
        <option value="http://www.springframework.org/security/tags" />
        <option value="http://www.springframework.org/tags" />
        <option value="http://www.thymeleaf.org" />
        <option value="http://www.w3.org/" />
        <option value="http://xmlns.jcp.org/" />
      </list>
    </option>
  </inspection_tool>
  <inspection_tool class="PyPackageRequirementsInspection" enabled="true" level="WARNING" enabled_by_default="true">
    <option name="ignoredPackages">
      <value>
        <list size="8">
          <item index="0" class="java.lang.String" itemvalue="func_timeout" />
          <item index="1" class="java.lang.String" itemvalue="waitress" />
          <item index="2" class="java.lang.String" itemvalue="numpy" />
          <item index="3" class="java.lang.String" itemvalue="prometheus_client" />
          <item index="4" class="java.lang.String" itemvalue="pycryptodome" />
          <item index="5" class="java.lang.String" itemvalue="sqlacodegen" />
          <item index="6" class="java.lang.String" itemvalue="Requests" />
          <item index="7" class="java.lang.String" itemvalue="opencv_python" />
        </list>
      </value>
    </option>
  </inspection_tool>
</profile>