<profile version="1.0">
  <option name="myName" value="Default" />
  <inspection_tool class="DuplicatedCode" enabled="true" level="WEAK WARNING" enabled_by_default="true">
    <Languages>
      <language minSize="118" name="Python" />
    </Languages>
  </inspection_tool>
  <inspection_tool class="HttpUrlsUsage" enabled="false" level="WEAK WARNING" enabled_by_default="false">
    <option name="ignoredUrls">
      <list>
        <option value="http://localhost" />
        <option value="http://127.0.0.1" />
        <option value="http://0.0.0.0" />
        <option value="http://www.w3.org/" />
        <option value="http://json-schema.org/draft" />
        <option value="http://java.sun.com/" />
        <option value="http://xmlns.jcp.org/" />
        <option value="http://javafx.com/javafx/" />
        <option value="http://javafx.com/fxml" />
        <option value="http://maven.apache.org/xsd/" />
        <option value="http://maven.apache.org/POM/" />
        <option value="http://www.springframework.org/schema/" />
        <option value="http://www.springframework.org/tags" />
        <option value="http://www.springframework.org/security/tags" />
        <option value="http://www.thymeleaf.org" />
        <option value="http://www.jboss.org/j2ee/schema/" />
        <option value="http://www.jboss.com/xml/ns/" />
        <option value="http://www.ibm.com/webservices/xsd" />
        <option value="http://activemq.apache.org/schema/" />
        <option value="http://schema.cloudfoundry.org/spring/" />
        <option value="http://schemas.xmlsoap.org/" />
        <option value="http://cxf.apache.org/schemas/" />
        <option value="http://primefaces.org/ui" />
        <option value="http://tiles.apache.org/" />
        <option value="http://c4-hadoop-srv-ct12.bj" />
      </list>
    </option>
  </inspection_tool>
  <inspection_tool class="PyPackageRequirementsInspection" enabled="true" level="WARNING" enabled_by_default="true">
    <option name="ignoredPackages">
      <value>
        <list size="42">
          <item index="0" class="java.lang.String" itemvalue="protobuf" />
          <item index="1" class="java.lang.String" itemvalue="galaxy-fds-sdk" />
          <item index="2" class="java.lang.String" itemvalue="PyYAML" />
          <item index="3" class="java.lang.String" itemvalue="nvidia-ml-py" />
          <item index="4" class="java.lang.String" itemvalue="h11" />
          <item index="5" class="java.lang.String" itemvalue="wcwidth" />
          <item index="6" class="java.lang.String" itemvalue="numpy" />
          <item index="7" class="java.lang.String" itemvalue="requests" />
          <item index="8" class="java.lang.String" itemvalue="sniffio" />
          <item index="9" class="java.lang.String" itemvalue="line-profiler" />
          <item index="10" class="java.lang.String" itemvalue="exceptiongroup" />
          <item index="11" class="java.lang.String" itemvalue="onnxruntime" />
          <item index="12" class="java.lang.String" itemvalue="pymysql" />
          <item index="13" class="java.lang.String" itemvalue="starlette" />
          <item index="14" class="java.lang.String" itemvalue="anyio" />
          <item index="15" class="java.lang.String" itemvalue="urllib3" />
          <item index="16" class="java.lang.String" itemvalue="uvicorn" />
          <item index="17" class="java.lang.String" itemvalue="pyparsing" />
          <item index="18" class="java.lang.String" itemvalue="pyreadline" />
          <item index="19" class="java.lang.String" itemvalue="onnx" />
          <item index="20" class="java.lang.String" itemvalue="Flask" />
          <item index="21" class="java.lang.String" itemvalue="annotated-types" />
          <item index="22" class="java.lang.String" itemvalue="wincertstore" />
          <item index="23" class="java.lang.String" itemvalue="pydantic" />
          <item index="24" class="java.lang.String" itemvalue="werkzeug" />
          <item index="25" class="java.lang.String" itemvalue="gpustat" />
          <item index="26" class="java.lang.String" itemvalue="ansicon" />
          <item index="27" class="java.lang.String" itemvalue="blessed" />
          <item index="28" class="java.lang.String" itemvalue="packaging" />
          <item index="29" class="java.lang.String" itemvalue="sqlalchemy" />
          <item index="30" class="java.lang.String" itemvalue="psutil" />
          <item index="31" class="java.lang.String" itemvalue="tqdm" />
          <item index="32" class="java.lang.String" itemvalue="fonttools" />
          <item index="33" class="java.lang.String" itemvalue="fastapi" />
          <item index="34" class="java.lang.String" itemvalue="flatbuffers" />
          <item index="35" class="java.lang.String" itemvalue="pydantic_core" />
          <item index="36" class="java.lang.String" itemvalue="watchdog" />
          <item index="37" class="java.lang.String" itemvalue="jinxed" />
          <item index="38" class="java.lang.String" itemvalue="mpmath" />
          <item index="39" class="java.lang.String" itemvalue="charset-normalizer" />
          <item index="40" class="java.lang.String" itemvalue="pytz" />
          <item index="41" class="java.lang.String" itemvalue="Pillow" />
        </list>
      </value>
    </option>
  </inspection_tool>
  <inspection_tool class="PyUnresolvedReferencesInspection" enabled="true" level="WARNING" enabled_by_default="true">
    <option name="ignoredIdentifiers">
      <list>
        <option value="map.filter" />
      </list>
    </option>
  </inspection_tool>
</profile>