<application>
  <component name="XDebuggerSettings">
    <data-views>
      <option name="showLibraryStackFrames" value="true" />
    </data-views>
    <general />
    <debuggers>
      <debugger id="ObjectiveC">
        <configuration>
          <child-process-debugging-settings />
          <macOS-symbol-settings />
          <nt-symbol-settings />
        </configuration>
      </debugger>
      <debugger id="javascript">
        <configuration>
          <custom-object-presentation />
        </configuration>
      </debugger>
    </debuggers>
  </component>
</application>