<application>
  <component name="IgnoredPluginSuggestions">
    <option name="pluginIds">
      <list>
        <option value="com.intellij.bigdatatools" />
        <option value="com.intellij.guice" />
        <option value="com.intellij.kubernetes" />
        <option value="com.intellij.dubbo" />
        <option value="aws.toolkit" />
        <option value="com.intellij.graalvm" />
        <option value="com.intellij.javaee.ejb" />
        <option value="com.jetbrains.lang.ejs" />
      </list>
    </option>
  </component>
</application>