<application>
  <component name="Trusted.Paths">
    <option name="TRUSTED_PROJECT_PATHS">
      <map>
        <entry key="$USER_HOME$/Library/Caches/JetBrains/IntelliJIdea2024.1/demo/IdeaLearningProject" value="true" />
        <entry key="$USER_HOME$/cpp/foo-cpp" value="true" />
        <entry key="$USER_HOME$/cpp/untitled" value="true" />
        <entry key="$USER_HOME$/git/QNN/ai-qnn-infer-lib" value="true" />
        <entry key="$USER_HOME$/git/QNN/ai_energy_comsumption_models" value="true" />
        <entry key="$USER_HOME$/git/QNN/mi_car_ai_services" value="true" />
        <entry key="$USER_HOME$/git/ai-marketing/marketing-dubbo-service" value="true" />
        <entry key="$USER_HOME$/git/aibanner/aibanner-service" value="true" />
        <entry key="$USER_HOME$/git/aibanner/nlp-aiservice-api" value="true" />
        <entry key="$USER_HOME$/git/aibanner/nlp-aiservice-spark" value="true" />
        <entry key="$USER_HOME$/git/copilot/ai-assistant" value="true" />
        <entry key="$USER_HOME$/git/copilot/salesclerk_tools" value="true" />
        <entry key="$USER_HOME$/git/copilot/search-tools" value="true" />
        <entry key="$USER_HOME$/git/cpp/continuevoyage-toc" value="true" />
        <entry key="$USER_HOME$/git/cpp/continuevoyage-toc-fujian" value="true" />
        <entry key="$USER_HOME$/git/cpp/continuevoyage-toc-new" value="true" />
        <entry key="$USER_HOME$/git/cpp/cuda-samples" value="true" />
        <entry key="$USER_HOME$/git/cpp/demo_energy_consumption_service" value="true" />
        <entry key="$USER_HOME$/git/cpp/faceid_demo" value="true" />
        <entry key="$USER_HOME$/git/cpp/foo-py" value="true" />
        <entry key="$USER_HOME$/git/cpp/foobar_cpp" value="true" />
        <entry key="$USER_HOME$/git/cpp/jetson-infer" value="true" />
        <entry key="$USER_HOME$/git/cpp/jetson-inference" value="true" />
        <entry key="$USER_HOME$/git/cpp/mi_car_ai_services" value="true" />
        <entry key="$USER_HOME$/git/cpp/mi_qnn" value="true" />
        <entry key="$USER_HOME$/git/cpp/onnxruntime-inference-examples" value="true" />
        <entry key="$USER_HOME$/git/cpp/qairt/2.25.0.240728/examples/QNN" value="true" />
        <entry key="$USER_HOME$/git/cpp/qnn-lib" value="true" />
        <entry key="$USER_HOME$/git/cpp/qnn_pipeline" value="true" />
        <entry key="$USER_HOME$/git/cpp/qnn_pipeline/demo_energy_consumption_app" value="true" />
        <entry key="$USER_HOME$/git/cpp/qnn_pipeline/energy_consumption_algo" value="true" />
        <entry key="$USER_HOME$/git/cpp/vhal" value="true" />
        <entry key="$USER_HOME$/git/dafen/feature-service" value="true" />
        <entry key="$USER_HOME$/git/dafen/feature-service-real" value="true" />
        <entry key="$USER_HOME$/git/dafen/malldspdemo" value="true" />
        <entry key="$USER_HOME$/git/dafen/marketing-api" value="true" />
        <entry key="$USER_HOME$/git/dafen/marketing-feature-v2" value="true" />
        <entry key="$USER_HOME$/git/dafen/marketing-pipeline" value="true" />
        <entry key="$USER_HOME$/git/foobar-spring" value="true" />
        <entry key="$USER_HOME$/git/growth-platform" value="true" />
        <entry key="$USER_HOME$/git/lst/mishop-recommend-service" value="true" />
        <entry key="$USER_HOME$/git/lst/o2o-sale-algorithm" value="true" />
        <entry key="$USER_HOME$/git/marketing-ai-check" value="true" />
        <entry key="$USER_HOME$/git/oakbay/foobar-oakbay" value="true" />
        <entry key="$USER_HOME$/git/oakbay/k8s-yaml" value="true" />
        <entry key="$USER_HOME$/git/oakbay/linden" value="true" />
        <entry key="$USER_HOME$/git/oakbay/linden-k8s" value="true" />
        <entry key="$USER_HOME$/git/oakbay/linden-plugin" value="true" />
        <entry key="$USER_HOME$/git/oakbay/linden-test" value="true" />
        <entry key="$USER_HOME$/git/oakbay/oakbay" value="true" />
        <entry key="$USER_HOME$/git/oakbay/sp-consul-k8s" value="true" />
        <entry key="$USER_HOME$/git/qnn-pipeline" value="true" />
        <entry key="$USER_HOME$/git/replenish/shop-profile" value="true" />
        <entry key="$USER_HOME$/git/replenish/shop-replenish-api" value="true" />
      </map>
    </option>
  </component>
  <component name="Trusted.Paths.Settings">
    <option name="TRUSTED_PATHS">
      <list>
        <option value="$USER_HOME$/git/oakbay" />
        <option value="$USER_HOME$/git/copilot" />
        <option value="$USER_HOME$/git/replenish" />
        <option value="$USER_HOME$/git/aibanner" />
        <option value="$USER_HOME$/git/dafen" />
        <option value="$USER_HOME$/git" />
      </list>
    </option>
  </component>
</application>