<application>
  <component name="DimensionService">
    <location key="find.popup.1680.0.1920.1080" x="2128" y="283" />
    <location key="find.popup.0.0.3360.2100@192dpi" x="784" y="550" />
    <location key="find.popup.-240.-1080.1920.1080" x="484" y="-965" />
    <size key="GridCell.Tab.0.left.1680.0.1920.1080" width="1854" height="257" />
    <size key="GridCell.Tab.0.center.1680.0.1920.1080" width="1854" height="257" />
    <size key="GridCell.Tab.0.right.1680.0.1920.1080" width="1854" height="257" />
    <size key="GridCell.Tab.0.bottom.1680.0.1920.1080" width="1854" height="257" />
    <size key="find.popup.1680.0.1920.1080" width="758" height="494" />
    <size key="GridCell.Tab.1.left.1680.0.1920.1080" width="1854" height="324" />
    <size key="GridCell.Tab.1.center.1680.0.1920.1080" width="1854" height="324" />
    <size key="GridCell.Tab.1.right.1680.0.1920.1080" width="1854" height="324" />
    <size key="GridCell.Tab.1.bottom.1680.0.1920.1080" width="1854" height="324" />
    <size key="GridCell.Tab.0.left.0.0.3360.2100@192dpi" width="3228" height="628" />
    <size key="GridCell.Tab.0.center.0.0.3360.2100@192dpi" width="3228" height="628" />
    <size key="GridCell.Tab.0.right.0.0.3360.2100@192dpi" width="3228" height="628" />
    <size key="GridCell.Tab.0.bottom.0.0.3360.2100@192dpi" width="3228" height="628" />
    <size key="GridCell.Tab.1.left.0.0.3360.2100@192dpi" width="3228" height="648" />
    <size key="GridCell.Tab.1.center.0.0.3360.2100@192dpi" width="3228" height="648" />
    <size key="GridCell.Tab.1.right.0.0.3360.2100@192dpi" width="3228" height="648" />
    <size key="GridCell.Tab.1.bottom.0.0.3360.2100@192dpi" width="3228" height="648" />
    <size key="find.popup.0.0.3360.2100@192dpi" width="1386" height="962" />
    <size key="GridCell.Tab.2.left.0.0.3360.2100@192dpi" width="3228" height="648" />
    <size key="GridCell.Tab.2.center.0.0.3360.2100@192dpi" width="3228" height="648" />
    <size key="GridCell.Tab.2.right.0.0.3360.2100@192dpi" width="3228" height="648" />
    <size key="GridCell.Tab.2.bottom.0.0.3360.2100@192dpi" width="3228" height="648" />
    <size key="GridCell.Tab.3.left.0.0.3360.2100@192dpi" width="3228" height="648" />
    <size key="GridCell.Tab.3.center.0.0.3360.2100@192dpi" width="3228" height="648" />
    <size key="GridCell.Tab.3.right.0.0.3360.2100@192dpi" width="3228" height="648" />
    <size key="GridCell.Tab.3.bottom.0.0.3360.2100@192dpi" width="3228" height="648" />
    <size key="GridCell.Tab.0.left.-240.-1080.1920.1080" width="1854" height="324" />
    <size key="GridCell.Tab.0.center.-240.-1080.1920.1080" width="1854" height="324" />
    <size key="GridCell.Tab.0.right.-240.-1080.1920.1080" width="1854" height="324" />
    <size key="GridCell.Tab.0.bottom.-240.-1080.1920.1080" width="1854" height="324" />
    <size key="find.popup.-240.-1080.1920.1080" width="651" height="494" />
    <size key="GridCell.Tab.1.left.-240.-1080.1920.1080" width="927" height="183" />
    <size key="GridCell.Tab.1.center.-240.-1080.1920.1080" width="927" height="183" />
    <size key="GridCell.Tab.1.right.-240.-1080.1920.1080" width="927" height="183" />
    <size key="GridCell.Tab.1.bottom.-240.-1080.1920.1080" width="927" height="183" />
    <size key="GridCell.Tab.2.left.-240.-1080.1920.1080" width="927" height="183" />
    <size key="GridCell.Tab.2.center.-240.-1080.1920.1080" width="927" height="183" />
    <size key="GridCell.Tab.2.right.-240.-1080.1920.1080" width="927" height="183" />
    <size key="GridCell.Tab.2.bottom.-240.-1080.1920.1080" width="927" height="183" />
    <size key="GridCell.Tab.3.left.-240.-1080.1920.1080" width="927" height="183" />
    <size key="GridCell.Tab.3.center.-240.-1080.1920.1080" width="927" height="183" />
    <size key="GridCell.Tab.3.right.-240.-1080.1920.1080" width="927" height="183" />
    <size key="GridCell.Tab.3.bottom.-240.-1080.1920.1080" width="927" height="183" />
  </component>
  <component name="WindowManager">
    <frame x="-240" y="-1080" width="1920" height="1080" fullScreen="true" />
  </component>
  <component name="WindowStateApplicationService">
    <state width="435" height="116" key="ShowUsagesActions.dimensionServiceKey" timestamp="1744025522598">
      <screen x="0" y="25" width="1680" height="1025" />
    </state>
    <state width="410" height="94" key="ShowUsagesActions.dimensionServiceKey/-1080.-845.1080.1895/0.0.1680.1050" timestamp="1736941728395" />
    <state width="499" height="160" key="ShowUsagesActions.dimensionServiceKey/-1080.-845.1080.1895/1680.0.1920.1080/0.25.1680.1025" timestamp="1739951947700" />
    <state width="499" height="116" key="ShowUsagesActions.dimensionServiceKey/-1080.-845.1080.1895/1680.25.1920.1055/0.0.1680.1050" timestamp="1740387049765" />
    <state width="435" height="116" key="ShowUsagesActions.dimensionServiceKey/-240.-1080.1920.1080/1680.-502.1920.1055/0.25.1680.1025" timestamp="1744025522598" />
    <state width="400" height="116" key="ShowUsagesActions.dimensionServiceKey/1680.-502.1920.1055/-240.-1080.1920.1080/0.25.1680.1025" timestamp="1743578914368" />
  </component>
</application>