<application>
  <component name="com.intellij.ide.ui.customization.CustomActionsSchema">
    <group value="CodeWithMeUsersAction" is_action="true" action_type="-1" position="1">
      <path value="root" />
      <path value="Navigation Bar Toolbar" />
      <path value="CodeWithMeNavbarGroup" />
      <option name="myInitialPosition" value="-1" />
    </group>
    <group value="com.intellij.space.vcs.actions.SpaceMainToolBarAction" is_action="true" action_type="-1" position="1">
      <path value="root" />
      <path value="Navigation Bar Toolbar" />
      <path value="space.actions.MainToolbarActionGroup" />
      <option name="myInitialPosition" value="-1" />
    </group>
    <group value="CWMHostShowPopupAction" is_action="true" action_type="-1" position="0">
      <path value="root" />
      <path value="Navigation Bar Toolbar" />
      <path value="CodeWithMeNavbarGroup" />
      <path value="CWMShowPopupActionGroup" />
      <option name="myInitialPosition" value="-1" />
    </group>
    <group value="ShowProjectStructureSettings" is_action="true" action_type="1" position="2">
      <path value="root" />
      <path value="Navigation Bar Toolbar" />
      <path value="Toolbar Run Actions" />
      <path value="Run/Debug" />
      <option name="myInitialPosition" value="-1" />
    </group>
  </component>
</application>