<application>
  <component name="FileTypeManager" version="19">
    <ignoreFiles list="*.pyc;*.pyo;*.rbc;*.yarb;*~;.DS_Store;.hg;.mypy_cache;.pytest_cache;.ruff_cache;.svn;CVS;__pycache__;_svn;vssver.scc;vssver2.scc" />
    <extensionMap>
      <mapping pattern="pre-commit" type="AUTO_DETECTED" />
      <mapping pattern="index-json" type="AUTO_DETECTED" />
      <mapping pattern="par-00000" type="AUTO_DETECTED" />
      <mapping pattern="post-commit" type="AUTO_DETECTED" />
      <mapping pattern="abc" type="AUTO_DETECTED" />
      <mapping pattern="segments_1" type="AUTO_DETECTED" />
      <mapping pattern="part-00000" type="AUTO_DETECTED" />
      <mapping pattern=".env.production" type="PLAIN_TEXT" />
      <mapping ext="stak8s" type="PLAIN_TEXT" />
      <mapping ext="bak" type="PLAIN_TEXT" />
      <mapping ext="dev" type="PLAIN_TEXT" />
      <mapping ext="keytab" type="PLAIN_TEXT" />
      <mapping ext="staging" type="PLAIN_TEXT" />
      <mapping ext="conf" type="PLAIN_TEXT" />
      <mapping ext="bql" type="PLAIN_TEXT" />
      <removed_mapping ext="apk" approved="true" type="ARCHIVE" />
      <removed_mapping ext="csv" approved="true" type="CSV/TSV" />
      <removed_mapping ext="psd" approved="true" type="Image" />
      <removed_mapping ext="tsv" approved="true" type="CSV/TSV" />
    </extensionMap>
  </component>
</application>