<application>
  <component name="SettingsSyncSettings">
    <option name="disabledSubcategories">
      <map>
        <entry key="UI">
          <value>
            <list>
              <option value="editorFont" />
            </list>
          </value>
        </entry>
        <entry key="PLUGINS">
          <value>
            <list>
              <option value="leetcode-editor" />
            </list>
          </value>
        </entry>
      </map>
    </option>
    <option name="migrationFromOldStorageChecked" value="true" />
  </component>
</application>