<application>
  <component name="DimensionService">
    <location key="find.popup.1680.0.1920.1080" x="2391" y="115" />
    <location key="find.popup.0.0.3360.2100@192dpi" x="1244" y="224" />
    <location key="find.popup.-1080.-870.1080.1920" x="-680" y="-666" />
    <size key="GridCell.Tab.0.left.1680.0.1920.1080" width="1854" height="238" />
    <size key="GridCell.Tab.0.center.1680.0.1920.1080" width="1854" height="238" />
    <size key="GridCell.Tab.0.right.1680.0.1920.1080" width="1854" height="238" />
    <size key="GridCell.Tab.0.bottom.1680.0.1920.1080" width="1854" height="238" />
    <size key="find.popup.1680.0.1920.1080" width="648" height="494" />
    <size key="GridCell.Tab.1.left.1680.0.1920.1080" width="1854" height="237" />
    <size key="GridCell.Tab.1.center.1680.0.1920.1080" width="1854" height="237" />
    <size key="GridCell.Tab.1.right.1680.0.1920.1080" width="1854" height="237" />
    <size key="GridCell.Tab.1.bottom.1680.0.1920.1080" width="1854" height="237" />
    <size key="GridCell.Tab.0.left.0.0.3360.2100@192dpi" width="3228" height="628" />
    <size key="GridCell.Tab.0.center.0.0.3360.2100@192dpi" width="3228" height="628" />
    <size key="GridCell.Tab.0.right.0.0.3360.2100@192dpi" width="3228" height="628" />
    <size key="GridCell.Tab.0.bottom.0.0.3360.2100@192dpi" width="3228" height="628" />
    <size key="find.popup.0.0.3360.2100@192dpi" width="1298" height="990" />
    <size key="GridCell.Tab.1.left.0.0.3360.2100@192dpi" width="3228" height="628" />
    <size key="GridCell.Tab.1.center.0.0.3360.2100@192dpi" width="3228" height="628" />
    <size key="GridCell.Tab.1.right.0.0.3360.2100@192dpi" width="3228" height="628" />
    <size key="GridCell.Tab.1.bottom.0.0.3360.2100@192dpi" width="3228" height="628" />
    <size key="find.popup.-1080.-870.1080.1920" width="648" height="879" />
  </component>
  <component name="WindowManager">
    <frame x="0" y="0" width="1680" height="1050" fullScreen="true" />
  </component>
  <component name="WindowStateApplicationService">
    <state width="715" height="141" key="ShowUsagesActions.dimensionServiceKey" timestamp="1734630662578">
      <screen x="0" y="0" width="1680" height="1050" />
    </state>
    <state width="625" height="185" key="ShowUsagesActions.dimensionServiceKey/-1080.-845.1080.1895/1680.0.1920.1080/0.25.1680.1025" timestamp="1734079511365" />
    <state width="774" height="94" key="ShowUsagesActions.dimensionServiceKey/-1080.-845.1080.1895/1680.25.1920.1055/0.0.1680.1050" timestamp="1729688167931" />
    <state width="715" height="141" key="ShowUsagesActions.dimensionServiceKey/0.0.1680.1050" timestamp="1734630662578" />
  </component>
</application>