<code_scheme name="GoogleStyle" version="173">
  <option name="OTHER_INDENT_OPTIONS">
    <value>
      <option name="INDENT_SIZE" value="2" />
      <option name="CONTINUATION_INDENT_SIZE" value="4" />
      <option name="TAB_SIZE" value="2" />
    </value>
  </option>
  <option name="RIGHT_MARGIN" value="170" />
  <AndroidXmlCodeStyleSettings>
    <option name="USE_CUSTOM_SETTINGS" value="true" />
    <option name="LAYOUT_SETTINGS">
      <value>
        <option name="INSERT_BLANK_LINE_BEFORE_TAG" value="false" />
      </value>
    </option>
  </AndroidXmlCodeStyleSettings>
  <JSCodeStyleSettings version="0">
    <option name="INDENT_CHAINED_CALLS" value="false" />
  </JSCodeStyleSettings>
  <JavaCodeStyleSettings>
    <option name="INSERT_INNER_CLASS_IMPORTS" value="true" />
    <option name="CLASS_COUNT_TO_USE_IMPORT_ON_DEMAND" value="999" />
    <option name="NAMES_COUNT_TO_USE_IMPORT_ON_DEMAND" value="999" />
    <option name="PACKAGES_TO_USE_IMPORT_ON_DEMAND">
      <value />
    </option>
    <option name="IMPORT_LAYOUT_TABLE">
      <value>
        <package name="" withSubpackages="true" static="true" />
        <emptyLine />
        <package name="" withSubpackages="true" static="false" />
      </value>
    </option>
    <option name="JD_ALIGN_PARAM_COMMENTS" value="false" />
    <option name="JD_ALIGN_EXCEPTION_COMMENTS" value="false" />
    <option name="JD_P_AT_EMPTY_LINES" value="false" />
    <option name="JD_KEEP_EMPTY_PARAMETER" value="false" />
    <option name="JD_KEEP_EMPTY_EXCEPTION" value="false" />
    <option name="JD_KEEP_EMPTY_RETURN" value="false" />
  </JavaCodeStyleSettings>
  <Objective-C>
    <option name="INDENT_NAMESPACE_MEMBERS" value="0" />
    <option name="INDENT_C_STRUCT_MEMBERS" value="2" />
    <option name="INDENT_CLASS_MEMBERS" value="2" />
    <option name="INDENT_VISIBILITY_KEYWORDS" value="1" />
    <option name="INDENT_INSIDE_CODE_BLOCK" value="2" />
    <option name="KEEP_STRUCTURES_IN_ONE_LINE" value="true" />
    <option name="FUNCTION_PARAMETERS_WRAP" value="5" />
    <option name="FUNCTION_CALL_ARGUMENTS_WRAP" value="5" />
    <option name="TEMPLATE_CALL_ARGUMENTS_WRAP" value="5" />
    <option name="TEMPLATE_CALL_ARGUMENTS_ALIGN_MULTILINE" value="true" />
    <option name="ALIGN_INIT_LIST_IN_COLUMNS" value="false" />
    <option name="SPACE_BEFORE_SUPERCLASS_COLON" value="false" />
  </Objective-C>
  <Python>
    <option name="USE_CONTINUATION_INDENT_FOR_ARGUMENTS" value="true" />
  </Python>
  <RiderCodeStyleSettings>
    <option name="/Default/CodeStyle/CodeFormatting/CppClangFormat/EnableClangFormatSupport/@EntryValue" value="false" type="bool" />
    <option name="/Default/CodeStyle/EditorConfig/EnableClangFormatSupport/@EntryValue" value="false" type="bool" />
    <option name="/Default/CodeStyle/CodeFormatting/CppFormatting/ALIGN_MULTILINE_BINARY_EXPRESSIONS_CHAIN/@EntryValue" value="false" type="bool" />
    <option name="/Default/CodeStyle/CodeFormatting/CppFormatting/ALIGN_MULTILINE_CALLS_CHAIN/@EntryValue" value="false" type="bool" />
    <option name="/Default/CodeStyle/CodeFormatting/CppFormatting/ALIGN_MULTILINE_EXPRESSION/@EntryValue" value="false" type="bool" />
    <option name="/Default/CodeStyle/CodeFormatting/CppFormatting/ALIGN_MULTILINE_FOR_STMT/@EntryValue" value="true" type="bool" />
    <option name="/Default/CodeStyle/CodeFormatting/CppFormatting/ALIGN_MULTIPLE_DECLARATION/@EntryValue" value="false" type="bool" />
    <option name="/Default/CodeStyle/CodeFormatting/CppFormatting/ALIGN_TERNARY/@EntryValue" value="ALIGN_ALL" type="string" />
    <option name="/Default/CodeStyle/CodeFormatting/CppFormatting/BLANK_LINES_AROUND_CLASS_DEFINITION/@EntryValue" value="0" type="int" />
    <option name="/Default/CodeStyle/CodeFormatting/CppFormatting/KEEP_BLANK_LINES_IN_DECLARATIONS/@EntryValue" value="2" type="int" />
    <option name="/Default/CodeStyle/CodeFormatting/CppFormatting/KEEP_BLANK_LINES_IN_CODE/@EntryValue" value="2" type="int" />
    <option name="/Default/CodeStyle/CodeFormatting/CppFormatting/KEEP_USER_LINEBREAKS/@EntryValue" value="true" type="bool" />
    <option name="/Default/CodeStyle/CodeFormatting/CppFormatting/INDENT_CASE_FROM_SWITCH/@EntryValue" value="true" type="bool" />
    <option name="/Default/CodeStyle/CodeFormatting/CppFormatting/INDENT_COMMENT/@EntryValue" value="true" type="bool" />
    <option name="/Default/CodeStyle/CodeFormatting/CppFormatting/INT_ALIGN_EQ/@EntryValue" value="false" type="bool" />
    <option name="/Default/CodeStyle/CodeFormatting/CppFormatting/SIMPLE_BLOCK_STYLE/@EntryValue" value="DO_NOT_CHANGE" type="string" />
    <option name="/Default/CodeStyle/CodeFormatting/CppFormatting/SPACE_AFTER_COMMA_IN_TEMPLATE_ARGS/@EntryValue" value="true" type="bool" />
    <option name="/Default/CodeStyle/CodeFormatting/CppFormatting/SPACE_AFTER_COMMA_IN_TEMPLATE_PARAMS/@EntryValue" value="true" type="bool" />
    <option name="/Default/CodeStyle/CodeFormatting/CppFormatting/SPACE_AFTER_FOR_SEMICOLON/@EntryValue" value="true" type="bool" />
    <option name="/Default/CodeStyle/CodeFormatting/CppFormatting/SPACE_BEFORE_FOR_SEMICOLON/@EntryValue" value="false" type="bool" />
    <option name="/Default/CodeStyle/CodeFormatting/CppFormatting/SPACE_AFTER_UNARY_OPERATOR/@EntryValue" value="false" type="bool" />
    <option name="/Default/CodeStyle/CodeFormatting/CppFormatting/SPACE_WITHIN_ARRAY_ACCESS_BRACKETS/@EntryValue" value="false" type="bool" />
    <option name="/Default/CodeStyle/CodeFormatting/CppFormatting/SPACE_WITHIN_CAST_EXPRESSION_PARENTHESES/@EntryValue" value="false" type="bool" />
    <option name="/Default/CodeStyle/CodeFormatting/CppFormatting/SPACE_WITHIN_EMPTY_INITIALIZER_BRACES/@EntryValue" value="false" type="bool" />
    <option name="/Default/CodeStyle/CodeFormatting/CppFormatting/SPACE_WITHIN_EMPTY_METHOD_PARENTHESES/@EntryValue" value="false" type="bool" />
    <option name="/Default/CodeStyle/CodeFormatting/CppFormatting/SPACE_WITHIN_INITIALIZER_BRACES/@EntryValue" value="false" type="bool" />
    <option name="/Default/CodeStyle/CodeFormatting/CppFormatting/SPECIAL_ELSE_IF_TREATMENT/@EntryValue" value="true" type="bool" />
    <option name="/Default/CodeStyle/CodeFormatting/CppFormatting/SPACE_AFTER_CAST_EXPRESSION_PARENTHESES/@EntryValue" value="true" type="bool" />
    <option name="/Default/CodeStyle/CodeFormatting/CppFormatting/WRAP_AFTER_BINARY_OPSIGN/@EntryValue" value="true" type="bool" />
    <option name="/Default/CodeStyle/CodeFormatting/CppFormatting/WRAP_BEFORE_TERNARY_OPSIGNS/@EntryValue" value="true" type="bool" />
    <option name="/Default/CodeStyle/CodeFormatting/CppFormatting/TYPE_DECLARATION_BRACES/@EntryValue" value="END_OF_LINE" type="string" />
    <option name="/Default/CodeStyle/CodeFormatting/CppFormatting/OTHER_BRACES/@EntryValue" value="END_OF_LINE" type="string" />
    <option name="/Default/CodeStyle/CodeFormatting/CppFormatting/CASE_BLOCK_BRACES/@EntryValue" value="END_OF_LINE" type="string" />
    <option name="/Default/CodeStyle/CodeFormatting/CppFormatting/BLANK_LINES_AROUND_FUNCTION_DECLARATION/@EntryValue" value="0" type="int" />
    <option name="/Default/CodeStyle/CodeFormatting/CppFormatting/BLANK_LINES_AROUND_FUNCTION_DEFINITION/@EntryValue" value="0" type="int" />
    <option name="/Default/CodeStyle/CodeFormatting/CppFormatting/PLACE_WHILE_ON_NEW_LINE/@EntryValue" value="false" type="bool" />
    <option name="/Default/CodeStyle/CodeFormatting/CppFormatting/PLACE_ELSE_ON_NEW_LINE/@EntryValue" value="false" type="bool" />
    <option name="/Default/CodeStyle/CodeFormatting/CppFormatting/PLACE_CATCH_ON_NEW_LINE/@EntryValue" value="false" type="bool" />
    <option name="/Default/CodeStyle/CodeFormatting/CppFormatting/NAMESPACE_INDENTATION/@EntryValue" value="None" type="string" />
    <option name="/Default/CodeStyle/CodeFormatting/CppFormatting/ALIGN_MULTILINE_ARGUMENT/@EntryValue" value="true" type="bool" />
    <option name="/Default/CodeStyle/CodeFormatting/CppFormatting/ALIGN_MULTILINE_EXTENDS_LIST/@EntryValue" value="true" type="bool" />
    <option name="/Default/CodeStyle/CodeFormatting/CppFormatting/ALIGN_MULTILINE_PARAMETER/@EntryValue" value="true" type="bool" />
    <option name="/Default/CodeStyle/CodeFormatting/CppFormatting/ALIGN_MULTILINE_TYPE_ARGUMENT/@EntryValue" value="true" type="bool" />
    <option name="/Default/CodeStyle/CodeFormatting/CppFormatting/ALIGN_MULTILINE_TYPE_PARAMETER/@EntryValue" value="false" type="bool" />
    <option name="/Default/CodeStyle/CodeFormatting/CppFormatting/BLANK_LINES_AROUND_DECLARATIONS/@EntryValue" value="0" type="int" />
    <option name="/Default/CodeStyle/CodeFormatting/CppFormatting/INDENT_ACCESS_SPECIFIERS_FROM_CLASS/@EntryValue" value="true" type="bool" />
    <option name="/Default/CodeStyle/CodeFormatting/CppFormatting/INDENT_CLASS_MEMBERS_FROM_ACCESS_SPECIFIERS/@EntryValue" value="true" type="bool" />
    <option name="/Default/CodeStyle/CodeFormatting/CppFormatting/LINE_BREAK_AFTER_COLON_IN_MEMBER_INITIALIZER_LISTS/@EntryValue" value="ON_SINGLE_LINE" type="string" />
    <option name="/Default/CodeStyle/CodeFormatting/CppFormatting/MEMBER_INITIALIZER_LIST_STYLE/@EntryValue" value="DO_NOT_CHANGE" type="string" />
    <option name="/Default/CodeStyle/CodeFormatting/CppFormatting/PLACE_NAMESPACE_DEFINITIONS_ON_SAME_LINE/@EntryValue" value="false" type="bool" />
    <option name="/Default/CodeStyle/CodeFormatting/CppFormatting/SPACE_AFTER_COLON_IN_BITFIELD_DECLARATOR/@EntryValue" value="true" type="bool" />
    <option name="/Default/CodeStyle/CodeFormatting/CppFormatting/SPACE_BEFORE_COLON_IN_BITFIELD_DECLARATOR/@EntryValue" value="false" type="bool" />
    <option name="/Default/CodeStyle/CodeFormatting/CppFormatting/SPACE_AFTER_EXTENDS_COLON/@EntryValue" value="true" type="bool" />
    <option name="/Default/CodeStyle/CodeFormatting/CppFormatting/SPACE_BEFORE_EXTENDS_COLON/@EntryValue" value="false" type="bool" />
    <option name="/Default/CodeStyle/CodeFormatting/CppFormatting/SPACE_AFTER_FOR_COLON/@EntryValue" value="true" type="bool" />
    <option name="/Default/CodeStyle/CodeFormatting/CppFormatting/SPACE_BEFORE_FOR_COLON/@EntryValue" value="false" type="bool" />
    <option name="/Default/CodeStyle/CodeFormatting/CppFormatting/SPACE_AFTER_PTR_IN_DATA_MEMBER/@EntryValue" value="false" type="bool" />
    <option name="/Default/CodeStyle/CodeFormatting/CppFormatting/SPACE_AFTER_PTR_IN_DATA_MEMBERS/@EntryValue" value="false" type="bool" />
    <option name="/Default/CodeStyle/CodeFormatting/CppFormatting/SPACE_AFTER_PTR_IN_METHOD/@EntryValue" value="false" type="bool" />
    <option name="/Default/CodeStyle/CodeFormatting/CppFormatting/SPACE_AFTER_PTR_IN_NESTED_DECLARATOR/@EntryValue" value="false" type="bool" />
    <option name="/Default/CodeStyle/CodeFormatting/CppFormatting/SPACE_AFTER_REF_IN_DATA_MEMBER/@EntryValue" value="false" type="bool" />
    <option name="/Default/CodeStyle/CodeFormatting/CppFormatting/SPACE_AFTER_REF_IN_DATA_MEMBERS/@EntryValue" value="false" type="bool" />
    <option name="/Default/CodeStyle/CodeFormatting/CppFormatting/SPACE_AFTER_REF_IN_METHOD/@EntryValue" value="false" type="bool" />
    <option name="/Default/CodeStyle/CodeFormatting/CppFormatting/SPACE_BEFORE_PTR_IN_ABSTRACT_DECL/@EntryValue" value="true" type="bool" />
    <option name="/Default/CodeStyle/CodeFormatting/CppFormatting/SPACE_BEFORE_PTR_IN_DATA_MEMBER/@EntryValue" value="true" type="bool" />
    <option name="/Default/CodeStyle/CodeFormatting/CppFormatting/SPACE_BEFORE_PTR_IN_DATA_MEMBERS/@EntryValue" value="true" type="bool" />
    <option name="/Default/CodeStyle/CodeFormatting/CppFormatting/SPACE_BEFORE_PTR_IN_METHOD/@EntryValue" value="true" type="bool" />
    <option name="/Default/CodeStyle/CodeFormatting/CppFormatting/SPACE_BEFORE_REF_IN_ABSTRACT_DECL/@EntryValue" value="true" type="bool" />
    <option name="/Default/CodeStyle/CodeFormatting/CppFormatting/SPACE_BEFORE_REF_IN_DATA_MEMBER/@EntryValue" value="true" type="bool" />
    <option name="/Default/CodeStyle/CodeFormatting/CppFormatting/SPACE_BEFORE_REF_IN_DATA_MEMBERS/@EntryValue" value="true" type="bool" />
    <option name="/Default/CodeStyle/CodeFormatting/CppFormatting/SPACE_BEFORE_REF_IN_METHOD/@EntryValue" value="true" type="bool" />
    <option name="/Default/CodeStyle/CodeFormatting/CppFormatting/SPACE_BEFORE_TEMPLATE_ARGS/@EntryValue" value="false" type="bool" />
    <option name="/Default/CodeStyle/CodeFormatting/CppFormatting/SPACE_BEFORE_TEMPLATE_PARAMS/@EntryValue" value="false" type="bool" />
    <option name="/Default/CodeStyle/CodeFormatting/CppFormatting/SPACE_BETWEEN_CLOSING_ANGLE_BRACKETS_IN_TEMPLATE_ARGS/@EntryValue" value="true" type="bool" />
    <option name="/Default/CodeStyle/CodeFormatting/CppFormatting/SPACE_WITHIN_EMPTY_TEMPLATE_PARAMS/@EntryValue" value="false" type="bool" />
    <option name="/Default/CodeStyle/CodeFormatting/CppFormatting/SPACE_WITHIN_TEMPLATE_ARGS/@EntryValue" value="false" type="bool" />
    <option name="/Default/CodeStyle/CodeFormatting/CppFormatting/SPACE_WITHIN_TEMPLATE_PARAMS/@EntryValue" value="false" type="bool" />
    <option name="/Default/CodeStyle/CodeFormatting/CppFormatting/SPACE_WITHIN_DECLARATION_PARENTHESES/@EntryValue" value="false" type="bool" />
    <option name="/Default/CodeStyle/CodeFormatting/CppFormatting/SPACE_WITHIN_EMPTY_BLOCKS/@EntryValue" value="false" type="bool" />
    <option name="/Default/CodeStyle/CodeFormatting/CppFormatting/WRAP_BEFORE_INVOCATION_LPAR/@EntryValue" value="false" type="bool" />
    <option name="/Default/CodeStyle/CodeFormatting/CppFormatting/WRAP_AFTER_INVOCATION_LPAR/@EntryValue" value="false" type="bool" />
    <option name="/Default/CodeStyle/CodeFormatting/CppFormatting/WRAP_BEFORE_INVOCATION_RPAR/@EntryValue" value="false" type="bool" />
    <option name="/Default/CodeStyle/CodeFormatting/CppFormatting/WRAP_BEFORE_DECLARATION_LPAR/@EntryValue" value="false" type="bool" />
    <option name="/Default/CodeStyle/CodeFormatting/CppFormatting/WRAP_AFTER_DECLARATION_LPAR/@EntryValue" value="false" type="bool" />
    <option name="/Default/CodeStyle/CodeFormatting/CppFormatting/WRAP_BEFORE_DECLARATION_RPAR/@EntryValue" value="false" type="bool" />
    <option name="/Default/CodeStyle/CodeFormatting/CppFormatting/WRAP_ARGUMENTS_STYLE/@EntryValue" value="CHOP_IF_LONG" type="string" />
    <option name="/Default/CodeStyle/CodeFormatting/CppFormatting/WRAP_PARAMETERS_STYLE/@EntryValue" value="CHOP_IF_LONG" type="string" />
    <option name="/Default/CodeStyle/CodeFormatting/CppFormatting/BREAK_TEMPLATE_DECLARATION/@EntryValue" value="LINE_BREAK" type="string" />
    <option name="/Default/CodeStyle/CodeFormatting/CppFormatting/NAMESPACE_DECLARATION_BRACES/@EntryValue" value="END_OF_LINE" type="string" />
    <option name="/Default/CodeStyle/CodeFormatting/CppFormatting/FREE_BLOCK_BRACES/@EntryValue" value="END_OF_LINE" type="string" />
    <option name="/Default/CodeStyle/CodeFormatting/CppFormatting/INVOCABLE_DECLARATION_BRACES/@EntryValue" value="END_OF_LINE" type="string" />
    <option name="/Default/CodeStyle/CodeFormatting/CppFormatting/ANONYMOUS_METHOD_DECLARATION_BRACES/@EntryValue" value="END_OF_LINE" type="string" />
    <option name="/Default/CodeStyle/CodeFormatting/CppFormatting/INITIALIZER_BRACES/@EntryValue" value="END_OF_LINE_NO_SPACE" type="string" />
    <option name="/Default/CodeStyle/CodeFormatting/CppFormatting/INDENT_STYLE/@EntryValue" value="Space" type="string" />
    <option name="/Default/CodeStyle/CodeFormatting/CppFormatting/INDENT_SIZE/@EntryValue" value="2" type="int" />
    <option name="/Default/CodeStyle/CodeFormatting/CppFormatting/CONTINUOUS_LINE_INDENT/@EntryValue" value="Double" type="string" />
    <option name="/Default/CodeStyle/CodeFormatting/CppFormatting/TAB_WIDTH/@EntryValue" value="4" type="int" />
  </RiderCodeStyleSettings>
  <ScalaCodeStyleSettings>
    <option name="MULTILINE_STRING_CLOSING_QUOTES_ON_NEW_LINE" value="true" />
  </ScalaCodeStyleSettings>
  <TypeScriptCodeStyleSettings version="0">
    <option name="INDENT_CHAINED_CALLS" value="false" />
  </TypeScriptCodeStyleSettings>
  <XML>
    <option name="XML_ALIGN_ATTRIBUTES" value="false" />
  </XML>
  <files>
    <extensions>
      <pair source="cpp" header="hpp" fileNamingConvention="NONE" />
      <pair source="c" header="h" fileNamingConvention="NONE" />
    </extensions>
  </files>
  <codeStyleSettings language="CSS">
    <indentOptions>
      <option name="INDENT_SIZE" value="2" />
      <option name="CONTINUATION_INDENT_SIZE" value="4" />
      <option name="TAB_SIZE" value="2" />
    </indentOptions>
  </codeStyleSettings>
  <codeStyleSettings language="ECMA Script Level 4">
    <option name="KEEP_BLANK_LINES_IN_CODE" value="1" />
    <option name="ALIGN_MULTILINE_PARAMETERS" value="false" />
    <option name="ALIGN_MULTILINE_FOR" value="false" />
    <option name="CALL_PARAMETERS_WRAP" value="1" />
    <option name="METHOD_PARAMETERS_WRAP" value="1" />
    <option name="EXTENDS_LIST_WRAP" value="1" />
    <option name="BINARY_OPERATION_WRAP" value="1" />
    <option name="BINARY_OPERATION_SIGN_ON_NEXT_LINE" value="true" />
    <option name="TERNARY_OPERATION_WRAP" value="1" />
    <option name="TERNARY_OPERATION_SIGNS_ON_NEXT_LINE" value="true" />
    <option name="FOR_STATEMENT_WRAP" value="1" />
    <option name="ARRAY_INITIALIZER_WRAP" value="1" />
    <option name="IF_BRACE_FORCE" value="3" />
    <option name="DOWHILE_BRACE_FORCE" value="3" />
    <option name="WHILE_BRACE_FORCE" value="3" />
    <option name="FOR_BRACE_FORCE" value="3" />
  </codeStyleSettings>
  <codeStyleSettings language="HTML">
    <indentOptions>
      <option name="INDENT_SIZE" value="2" />
      <option name="CONTINUATION_INDENT_SIZE" value="4" />
      <option name="TAB_SIZE" value="2" />
    </indentOptions>
  </codeStyleSettings>
  <codeStyleSettings language="JAVA">
    <option name="KEEP_CONTROL_STATEMENT_IN_ONE_LINE" value="false" />
    <option name="KEEP_BLANK_LINES_IN_CODE" value="1" />
    <option name="BLANK_LINES_AFTER_CLASS_HEADER" value="1" />
    <option name="ALIGN_MULTILINE_PARAMETERS" value="false" />
    <option name="ALIGN_MULTILINE_RESOURCES" value="false" />
    <option name="ALIGN_MULTILINE_FOR" value="false" />
    <option name="CALL_PARAMETERS_WRAP" value="1" />
    <option name="METHOD_PARAMETERS_WRAP" value="1" />
    <option name="EXTENDS_LIST_WRAP" value="1" />
    <option name="THROWS_KEYWORD_WRAP" value="1" />
    <option name="METHOD_CALL_CHAIN_WRAP" value="1" />
    <option name="BINARY_OPERATION_WRAP" value="1" />
    <option name="BINARY_OPERATION_SIGN_ON_NEXT_LINE" value="true" />
    <option name="TERNARY_OPERATION_WRAP" value="1" />
    <option name="TERNARY_OPERATION_SIGNS_ON_NEXT_LINE" value="true" />
    <option name="FOR_STATEMENT_WRAP" value="1" />
    <option name="ARRAY_INITIALIZER_WRAP" value="1" />
    <option name="IF_BRACE_FORCE" value="3" />
    <option name="DOWHILE_BRACE_FORCE" value="3" />
    <option name="WHILE_BRACE_FORCE" value="3" />
    <option name="FOR_BRACE_FORCE" value="3" />
    <indentOptions>
      <option name="CONTINUATION_INDENT_SIZE" value="4" />
    </indentOptions>
  </codeStyleSettings>
  <codeStyleSettings language="JSON">
    <indentOptions>
      <option name="CONTINUATION_INDENT_SIZE" value="4" />
      <option name="TAB_SIZE" value="2" />
    </indentOptions>
  </codeStyleSettings>
  <codeStyleSettings language="JavaScript">
    <option name="RIGHT_MARGIN" value="170" />
    <option name="KEEP_BLANK_LINES_IN_CODE" value="1" />
    <option name="ALIGN_MULTILINE_PARAMETERS" value="false" />
    <option name="ALIGN_MULTILINE_FOR" value="false" />
    <option name="CALL_PARAMETERS_WRAP" value="1" />
    <option name="METHOD_PARAMETERS_WRAP" value="1" />
    <option name="BINARY_OPERATION_WRAP" value="1" />
    <option name="BINARY_OPERATION_SIGN_ON_NEXT_LINE" value="true" />
    <option name="TERNARY_OPERATION_WRAP" value="1" />
    <option name="TERNARY_OPERATION_SIGNS_ON_NEXT_LINE" value="true" />
    <option name="FOR_STATEMENT_WRAP" value="1" />
    <option name="ARRAY_INITIALIZER_WRAP" value="1" />
    <option name="IF_BRACE_FORCE" value="3" />
    <option name="DOWHILE_BRACE_FORCE" value="3" />
    <option name="WHILE_BRACE_FORCE" value="3" />
    <option name="FOR_BRACE_FORCE" value="3" />
    <indentOptions>
      <option name="INDENT_SIZE" value="2" />
      <option name="TAB_SIZE" value="2" />
    </indentOptions>
  </codeStyleSettings>
  <codeStyleSettings language="ObjectiveC">
    <indentOptions>
      <option name="INDENT_SIZE" value="2" />
      <option name="CONTINUATION_INDENT_SIZE" value="4" />
    </indentOptions>
  </codeStyleSettings>
  <codeStyleSettings language="PROTO">
    <option name="RIGHT_MARGIN" value="80" />
    <indentOptions>
      <option name="INDENT_SIZE" value="2" />
      <option name="CONTINUATION_INDENT_SIZE" value="2" />
      <option name="TAB_SIZE" value="2" />
    </indentOptions>
  </codeStyleSettings>
  <codeStyleSettings language="Python">
    <option name="RIGHT_MARGIN" value="80" />
    <option name="ALIGN_MULTILINE_PARAMETERS" value="false" />
    <indentOptions>
      <option name="INDENT_SIZE" value="2" />
      <option name="CONTINUATION_INDENT_SIZE" value="4" />
      <option name="TAB_SIZE" value="2" />
    </indentOptions>
  </codeStyleSettings>
  <codeStyleSettings language="SASS">
    <indentOptions>
      <option name="CONTINUATION_INDENT_SIZE" value="4" />
      <option name="TAB_SIZE" value="2" />
    </indentOptions>
  </codeStyleSettings>
  <codeStyleSettings language="SCSS">
    <indentOptions>
      <option name="CONTINUATION_INDENT_SIZE" value="4" />
      <option name="TAB_SIZE" value="2" />
    </indentOptions>
  </codeStyleSettings>
  <codeStyleSettings language="TypeScript">
    <indentOptions>
      <option name="INDENT_SIZE" value="2" />
      <option name="TAB_SIZE" value="2" />
    </indentOptions>
  </codeStyleSettings>
  <codeStyleSettings language="XML">
    <indentOptions>
      <option name="CONTINUATION_INDENT_SIZE" value="4" />
    </indentOptions>
    <arrangement>
      <rules>
        <section>
          <rule>
            <match>
              <AND>
                <NAME>xmlns:android</NAME>
                <XML_ATTRIBUTE />
                <XML_NAMESPACE>^$</XML_NAMESPACE>
              </AND>
            </match>
          </rule>
        </section>
        <section>
          <rule>
            <match>
              <AND>
                <NAME>xmlns:.*</NAME>
                <XML_ATTRIBUTE />
                <XML_NAMESPACE>^$</XML_NAMESPACE>
              </AND>
            </match>
            <order>BY_NAME</order>
          </rule>
        </section>
        <section>
          <rule>
            <match>
              <AND>
                <NAME>.*:id</NAME>
                <XML_ATTRIBUTE />
                <XML_NAMESPACE>http://schemas.android.com/apk/res/android</XML_NAMESPACE>
              </AND>
            </match>
          </rule>
        </section>
        <section>
          <rule>
            <match>
              <AND>
                <NAME>style</NAME>
                <XML_ATTRIBUTE />
                <XML_NAMESPACE>^$</XML_NAMESPACE>
              </AND>
            </match>
          </rule>
        </section>
        <section>
          <rule>
            <match>
              <AND>
                <NAME>.*</NAME>
                <XML_ATTRIBUTE />
                <XML_NAMESPACE>^$</XML_NAMESPACE>
              </AND>
            </match>
            <order>BY_NAME</order>
          </rule>
        </section>
        <section>
          <rule>
            <match>
              <AND>
                <NAME>.*:.*Style</NAME>
                <XML_ATTRIBUTE />
                <XML_NAMESPACE>http://schemas.android.com/apk/res/android</XML_NAMESPACE>
              </AND>
            </match>
            <order>BY_NAME</order>
          </rule>
        </section>
        <section>
          <rule>
            <match>
              <AND>
                <NAME>.*:layout_width</NAME>
                <XML_ATTRIBUTE />
                <XML_NAMESPACE>http://schemas.android.com/apk/res/android</XML_NAMESPACE>
              </AND>
            </match>
          </rule>
        </section>
        <section>
          <rule>
            <match>
              <AND>
                <NAME>.*:layout_height</NAME>
                <XML_ATTRIBUTE />
                <XML_NAMESPACE>http://schemas.android.com/apk/res/android</XML_NAMESPACE>
              </AND>
            </match>
          </rule>
        </section>
        <section>
          <rule>
            <match>
              <AND>
                <NAME>.*:layout_weight</NAME>
                <XML_ATTRIBUTE />
                <XML_NAMESPACE>http://schemas.android.com/apk/res/android</XML_NAMESPACE>
              </AND>
            </match>
          </rule>
        </section>
        <section>
          <rule>
            <match>
              <AND>
                <NAME>.*:layout_margin</NAME>
                <XML_ATTRIBUTE />
                <XML_NAMESPACE>http://schemas.android.com/apk/res/android</XML_NAMESPACE>
              </AND>
            </match>
          </rule>
        </section>
        <section>
          <rule>
            <match>
              <AND>
                <NAME>.*:layout_marginTop</NAME>
                <XML_ATTRIBUTE />
                <XML_NAMESPACE>http://schemas.android.com/apk/res/android</XML_NAMESPACE>
              </AND>
            </match>
          </rule>
        </section>
        <section>
          <rule>
            <match>
              <AND>
                <NAME>.*:layout_marginBottom</NAME>
                <XML_ATTRIBUTE />
                <XML_NAMESPACE>http://schemas.android.com/apk/res/android</XML_NAMESPACE>
              </AND>
            </match>
          </rule>
        </section>
        <section>
          <rule>
            <match>
              <AND>
                <NAME>.*:layout_marginStart</NAME>
                <XML_ATTRIBUTE />
                <XML_NAMESPACE>http://schemas.android.com/apk/res/android</XML_NAMESPACE>
              </AND>
            </match>
          </rule>
        </section>
        <section>
          <rule>
            <match>
              <AND>
                <NAME>.*:layout_marginEnd</NAME>
                <XML_ATTRIBUTE />
                <XML_NAMESPACE>http://schemas.android.com/apk/res/android</XML_NAMESPACE>
              </AND>
            </match>
          </rule>
        </section>
        <section>
          <rule>
            <match>
              <AND>
                <NAME>.*:layout_marginLeft</NAME>
                <XML_ATTRIBUTE />
                <XML_NAMESPACE>http://schemas.android.com/apk/res/android</XML_NAMESPACE>
              </AND>
            </match>
          </rule>
        </section>
        <section>
          <rule>
            <match>
              <AND>
                <NAME>.*:layout_marginRight</NAME>
                <XML_ATTRIBUTE />
                <XML_NAMESPACE>http://schemas.android.com/apk/res/android</XML_NAMESPACE>
              </AND>
            </match>
          </rule>
        </section>
        <section>
          <rule>
            <match>
              <AND>
                <NAME>.*:layout_.*</NAME>
                <XML_ATTRIBUTE />
                <XML_NAMESPACE>http://schemas.android.com/apk/res/android</XML_NAMESPACE>
              </AND>
            </match>
            <order>BY_NAME</order>
          </rule>
        </section>
        <section>
          <rule>
            <match>
              <AND>
                <NAME>.*:padding</NAME>
                <XML_ATTRIBUTE />
                <XML_NAMESPACE>http://schemas.android.com/apk/res/android</XML_NAMESPACE>
              </AND>
            </match>
          </rule>
        </section>
        <section>
          <rule>
            <match>
              <AND>
                <NAME>.*:paddingTop</NAME>
                <XML_ATTRIBUTE />
                <XML_NAMESPACE>http://schemas.android.com/apk/res/android</XML_NAMESPACE>
              </AND>
            </match>
          </rule>
        </section>
        <section>
          <rule>
            <match>
              <AND>
                <NAME>.*:paddingBottom</NAME>
                <XML_ATTRIBUTE />
                <XML_NAMESPACE>http://schemas.android.com/apk/res/android</XML_NAMESPACE>
              </AND>
            </match>
          </rule>
        </section>
        <section>
          <rule>
            <match>
              <AND>
                <NAME>.*:paddingStart</NAME>
                <XML_ATTRIBUTE />
                <XML_NAMESPACE>http://schemas.android.com/apk/res/android</XML_NAMESPACE>
              </AND>
            </match>
          </rule>
        </section>
        <section>
          <rule>
            <match>
              <AND>
                <NAME>.*:paddingEnd</NAME>
                <XML_ATTRIBUTE />
                <XML_NAMESPACE>http://schemas.android.com/apk/res/android</XML_NAMESPACE>
              </AND>
            </match>
          </rule>
        </section>
        <section>
          <rule>
            <match>
              <AND>
                <NAME>.*:paddingLeft</NAME>
                <XML_ATTRIBUTE />
                <XML_NAMESPACE>http://schemas.android.com/apk/res/android</XML_NAMESPACE>
              </AND>
            </match>
          </rule>
        </section>
        <section>
          <rule>
            <match>
              <AND>
                <NAME>.*:paddingRight</NAME>
                <XML_ATTRIBUTE />
                <XML_NAMESPACE>http://schemas.android.com/apk/res/android</XML_NAMESPACE>
              </AND>
            </match>
          </rule>
        </section>
        <section>
          <rule>
            <match>
              <AND>
                <NAME>.*</NAME>
                <XML_NAMESPACE>http://schemas.android.com/apk/res/android</XML_NAMESPACE>
              </AND>
            </match>
            <order>BY_NAME</order>
          </rule>
        </section>
        <section>
          <rule>
            <match>
              <AND>
                <NAME>.*</NAME>
                <XML_NAMESPACE>http://schemas.android.com/apk/res-auto</XML_NAMESPACE>
              </AND>
            </match>
            <order>BY_NAME</order>
          </rule>
        </section>
        <section>
          <rule>
            <match>
              <AND>
                <NAME>.*</NAME>
                <XML_NAMESPACE>http://schemas.android.com/tools</XML_NAMESPACE>
              </AND>
            </match>
            <order>BY_NAME</order>
          </rule>
        </section>
        <section>
          <rule>
            <match>
              <AND>
                <NAME>.*</NAME>
                <XML_NAMESPACE>.*</XML_NAMESPACE>
              </AND>
            </match>
            <order>BY_NAME</order>
          </rule>
        </section>
      </rules>
    </arrangement>
  </codeStyleSettings>
  <codeStyleSettings language="protobuf">
    <option name="RIGHT_MARGIN" value="80" />
    <indentOptions>
      <option name="CONTINUATION_INDENT_SIZE" value="2" />
    </indentOptions>
  </codeStyleSettings>
</code_scheme>